,predmean CV,PAE CV,MAE CV,MSE CV,RMSE CV,predmean all,PAE all ,MAE all,MSE all,RMSE all,hyperp1,hyperp2,hyperp3,hyperp4,hyperp5,hyperp6
0,5.9273558022390676,1.401940670137895,0.08220784403149373,0.010464604905521131,0.04473944969822459,5.940095428155125,2.376579963359791,0.13722664950972438,0.04641713961267123,0.053691828653709715,0.0,0.0,0.0,0.0,0.0,0.0
1,5.924805774727271,1.7302904443999503,0.10190192018181816,0.01739817674501919,0.05545743092812884,5.924392393752,2.590033823859888,0.14667589847200002,0.031136561128632678,0.05738897828172564,0.0,0.0,0.0,0.0,0.0,0.0
2,5.927672628330133,1.6086964993392125,0.09474193631990924,0.015036614461413229,0.051560798658983595,5.926191733130073,2.5959803007316613,0.1461827396321312,0.030978196661137918,0.05719602305018789,0.0,0.0,0.0,0.0,0.0,0.0
3,5.9280207725291385,1.4346436554557738,0.08464101875737733,0.01128701100259499,0.04606364083275862,5.92084227468569,2.2857638400199916,0.13087419337451928,0.025929992151204805,0.05120634214245106,0.0,0.0,0.0,0.0,0.0,0.0
4,5.927342902530324,1.106115889807284,0.06505537977392027,0.006820825441812667,0.035404673669329874,5.90433406829834,4.23456398005339,0.24067256667469789,0.09006846401688891,0.09416647755894307,0.0,0.0,0.0,0.0,0.0,0.0
